[
    { "model": "core.Seat", "pk":1, "fields": {"number":"1"} },
    { "model": "core.Seat", "pk":2, "fields": {"number":"2"} },
    { "model": "core.Seat", "pk":3, "fields": {"number":"3"} },
    { "model": "core.Seat", "pk":4, "fields": {"number":"4"} },
    { "model": "core.Seat", "pk":5, "fields": {"number":"5"} },
    { "model": "core.Seat", "pk":6, "fields": {"number":"6"} },
    { "model": "core.Seat", "pk":7, "fields": {"number":"7"} },
    { "model": "core.Seat", "pk":8, "fields": {"number":"8"} },
    { "model": "core.Seat", "pk":9, "fields": {"number":"9"} },
    { "model": "core.Seat", "pk":10, "fields":{"number":"10"} },
    { "model": "core.Seat", "pk":11, "fields":{"number":"11"} },
    { "model": "core.Seat", "pk":12, "fields":{"number":"12"} },
    { "model": "core.Seat", "pk":13, "fields":{"number":"13"} },
    { "model": "core.Seat", "pk":14, "fields":{"number":"14"} },
    { "model": "core.Seat", "pk":15, "fields":{"number":"15"} },
    { "model": "core.Seat", "pk":16, "fields":{"number":"16"} },
    { "model": "core.Seat", "pk":17, "fields":{"number":"17"} },
    { "model": "core.Seat", "pk":18, "fields":{"number":"18"} },
    { "model": "core.Seat", "pk":19, "fields":{"number":"19"} },
    { "model": "core.Seat", "pk":20, "fields":{"number":"20"} },
    { "model": "core.Seat", "pk":21, "fields":{"number":"21"} },


    { "model": "core.Time", "pk":1,"fields": {"time":"07:00"}},
    { "model": "core.Time", "pk":2,"fields": {"time":"09:30"}},
    { "model": "core.Time", "pk":3,"fields": {"time":"13:30"}},
    { "model": "core.Time", "pk":4,"fields": {"time":"16:00"}},
    { "model": "core.Time", "pk":5,"fields": {"time":"22:00"}},
    { "model": "core.Time", "pk":6,"fields": {"time":"21:40"}},


    { "model": "core.Stop", "pk":1, "fields": {"name":"Днепр, Железнодорожный вокзал 'Центральный'"}},
    { "model": "core.Stop", "pk":2, "fields": {"name":"Кобеляки, Остановка АЗС 'WOG'"}},
    { "model": "core.Stop", "pk":3, "fields": {"name":"Борисполь (аэропорт), Аэропорт 'Борисполь'"}},
    { "model": "core.Stop", "pk":4, "fields": {"name":"Киев, Остановка 'метро Харьковская'"}},
    { "model": "core.Stop", "pk":5, "fields": {"name":"Киев, Автостанция Киев "}},

    { "model": "core.Stop", "pk":6, "fields": {"name":"Днепр, Центральный автовокзал `Центральный`, ул. Курчатова, 10"}},
    { "model": "core.Stop", "pk":7, "fields": {"name":"Кобеляки, Остановка АЗС `WOG`, улица Днепропетровская; дом 11"}},
    { "model": "core.Stop", "pk":8, "fields": {"name":"Борисполь (аэропорт), Аэропорт `Борисполь`, Терминал D"}},
    { "model": "core.Stop", "pk":9, "fields": {"name":"Киев, Остановка `метро Харьковская` (McDonald's), проспект Николая Бажана; дом 3Б"}},
    { "model": "core.Stop", "pk":10, "fields":{"name":"Киев, Автостанция Киев (Центральный железнодорожный вокзал), метро Вокзальная; улица Симона Петлюры; дом 32"}},
    { "model": "core.Stop", "pk":11, "fields":{"name":"Житомир, проспект Независимости 95"}},
    { "model": "core.Stop", "pk":12, "fields":{"name":"Ровно, Киевская улица, 77а"}},
    { "model": "core.Stop", "pk":13, "fields":{"name":"Луцк, ул. Словацкого 2."}},
    { "model": "core.Stop", "pk":14, "fields":{"name":"Львов, Центральный ЖД вокзал."}},
    
    { "model": "core.Stop", "pk":15, "fields":{"name":"Львов, ул. Стрыйская, 107"}},
    { "model": "core.Stop", "pk":16, "fields":{"name":"Луцк, проспект Воли, 2"}},
    { "model": "core.Stop", "pk":17, "fields":{"name":"Ровно, ул. Княгини Ольги, 1"}},
    { "model": "core.Stop", "pk":18, "fields":{"name":"Житомир, проспект Независимости, 188"}},


    { "model": "core.Direction", "pk":1, "fields":{"code":"dk",     "name":"Днепр-Киев",       "times":[1, 2, 3, 4, 5],  "stops":[1, 2, 3, 4, 5]}},
    { "model": "core.Direction", "pk":2, "fields":{"code":"kd",     "name":"Киев-Днепр",       "times":[1, 2, 3, 4, 5],  "stops":[1, 2, 3, 4, 5]}},
    { "model": "core.Direction", "pk":4, "fields":{"code":"lk",     "name":"Львов-Днепр",       "times":[6],              "stops":[6, 7, 8, 9, 10, 11, 12, 13,14, 15, 16, 17, 18]}},
    { "model": "core.Direction", "pk":3, "fields":{"code":"kl",     "name":"Днепр-Львов",       "times":[6],              "stops":[6, 7, 8, 9, 10, 11, 12, 13,14, 15, 16, 17, 18]}}

]
